confidence	source	crash_name	gc_fn	gc_addr	crash_size	crash_addr	gc_size	notes
MEDIUM	crashwoc_retail	NuFileReadShort	fn_80005908	0x80005908	0x002c	0x800bde78	0x002c	norm-body-match; module=nu2_engine
MEDIUM	gcnemo	NuACos	fn_8000B20C	0x8000b20c	0x0028	0x800a6ce0	0x0028	norm-body-match; module=nu2_engine
MEDIUM	gcnemo	NuPlnLine3	fn_8000BD10	0x8000bd10	0x00c0	0x800a54a8	0x00c0	norm-body-match; module=nu2_engine
MEDIUM	gcnemo	NuRandInt	fn_8000C0C0	0x8000c0c0	0x0024	0x800a64d0	0x0024	norm-body-match; module=nu2_engine
MEDIUM	gcnemo	NuRand	fn_8000C124	0x8000c124	0x0094	0x800a6398	0x0094	norm-body-match; module=nu2_engine
MEDIUM	gcnemo	NuSplineFind	fn_800138D4	0x800138d4	0x0078	0x800b0d70	0x0078	norm-body-match; module=nu2_engine
MEDIUM	crashwoc_retail	NuTexAnimProgFind	fn_80015C34	0x80015c34	0x0054	0x800ba188	0x0054	norm-body-match; module=nu2_engine
MEDIUM	crashwoc_retail	NuTexAnimSetSignals	fn_80015D40	0x80015d40	0x0020	0x800bb78c	0x0020	norm-body-match; module=nu2_engine
MEDIUM	gcnemo	NuPortalClipTest	fn_8001FAEC	0x8001faec	0x00c4	0x8011f63c	0x00c4	norm-body-match; module=nu2_engine
MEDIUM	crashwoc_retail	NuGobjClose	fn_800246AC	0x800246ac	0x0058	0x800af758	0x0058	norm-body-match; module=nu2_engine
MEDIUM	gcnemo	NuFileWrite	fn_80024F18	0x80024f18	0x0028	0x8009e8b8	0x0028	norm-body-match; module=nu2_engine
MEDIUM	gcnemo	NuRndrTriStrip3dClip	fn_80027834	0x80027834	0x0034	0x800b8604	0x0034	norm-body-match; module=nu2_engine
MEDIUM	crashwoc_retail	NuScratchAlloc32	fn_80039D30	0x80039d30	0x0034	0x800c31ec	0x0034	norm-body-match; module=nu2_engine
MEDIUM	gcnemo	NuCGutLocatorSysCreateInst	fn_8003D230	0x8003d230	0x0148	0x800f2970	0x0148	norm-body-match; module=nu2_engine
MEDIUM	crashwoc_retail	instNuCGutCharSysCreate	fn_8003E5C4	0x8003e5c4	0x0128	0x8008bb64	0x0128	norm-body-match; module=nu2_engine
MEDIUM	gcnemo	NuGCutSceneSysRender	fn_8003F0E0	0x8003f0e0	0x004c	0x800ef188	0x004c	norm-body-match; module=nu2_engine
MEDIUM	gcnemo	NuGCutSceneSysPostBackgroundLoad	fn_8003F12C	0x8003f12c	0x004c	0x800ef5cc	0x004c	norm-body-match; module=nu2_engine
MEDIUM	gcnemo	NuGCutSceneDestroy	fn_8003F1A8	0x8003f1a8	0x002c	0x800ef4f8	0x002c	norm-body-match; module=nu2_engine
MEDIUM	gcnemo	NuGCutSceneFixUp	fn_8003F1D4	0x8003f1d4	0x00a8	0x800ef524	0x00a8	norm-body-match; module=nu2_engine
MEDIUM	gcnemo	NuGCutCamsSysFixPtrs	fn_8003F5B8	0x8003f5b8	0x0084	0x800f1a38	0x0084	norm-body-match; module=nu2_engine
MEDIUM	crashwoc_retail	instNuCGutCamSysCreate	fn_8003F6E4	0x8003f6e4	0x00b0	0x8008a004	0x00b0	norm-body-match; module=nu2_engine
MEDIUM	gcnemo	NuGCutLocatorSysFixPtrs	fn_8003F7F0	0x8003f7f0	0x0114	0x800f21d4	0x0114	norm-body-match; module=nu2_engine
MEDIUM	gcnemo	NuGCutRigidSysFixPtrs	fn_8003FB30	0x8003fb30	0x00ec	0x800f331c	0x00ec	norm-body-match; module=nu2_engine
MEDIUM	gcnemo	NuGCutCharSysFixPtrs	fn_80040078	0x80040078	0x010c	0x800f3f8c	0x010c	norm-body-match; module=nu2_engine
MEDIUM	crashwoc_retail	NuGCutTriggerSysFixPtrs	fn_800404B4	0x800404b4	0x00b4	0x8008c120	0x00b4	norm-body-match; module=nu2_engine
MEDIUM	crashwoc_retail	instNuCGutTriggerSysCreate	fn_8004063C	0x8004063c	0x008c	0x8008c2a8	0x008c	norm-body-match; module=nu2_engine
MEDIUM	gcnemo	OSDefaultExceptionHandler	fn_8015C9E8	0x8015c9e8	0x0058	0x80070644	0x0058	norm-body-match; module=sdk
MEDIUM	crashwoc_retail	InsertAlarm	fn_8015CB3C	0x8015cb3c	0x0250	0x800dd734	0x0250	norm-body-match; module=sdk
MEDIUM	crashwoc_retail	OSSetAlarm	fn_8015CD8C	0x8015cd8c	0x0068	0x800dd984	0x0068	norm-body-match; module=sdk
MEDIUM	gcnemo	OSSetPeriodicAlarm	fn_8015CDF4	0x8015cdf4	0x007c	0x80070c6c	0x007c	norm-body-match; module=sdk
MEDIUM	crashwoc_retail	OSCancelAlarm	fn_8015CE70	0x8015ce70	0x011c	0x800dd9ec	0x011c	norm-body-match; module=sdk
MEDIUM	crashwoc_retail	DecrementerExceptionCallback	fn_8015CF8C	0x8015cf8c	0x0230	0x800ddb08	0x0230	norm-body-match; module=sdk
MEDIUM	crashwoc_retail	OSAllocFromHeap	fn_8015D358	0x8015d358	0x00fc	0x800dde30	0x00fc	norm-body-match; module=sdk
MEDIUM	crashwoc_retail	OSFreeToHeap	fn_8015D454	0x8015d454	0x007c	0x800ddf2c	0x007c	norm-body-match; module=sdk
MEDIUM	crashwoc_retail	OSInitAlloc	fn_8015D4E0	0x8015d4e0	0x0070	0x800ddfb8	0x0070	norm-body-match; module=sdk
MEDIUM	crashwoc_retail	OSCreateHeap	fn_8015D550	0x8015d550	0x006c	0x800de028	0x006c	norm-body-match; module=sdk
MEDIUM	crashwoc_retail	__OSStopAudioSystem	fn_8015D7E8	0x8015d7e8	0x00d8	0x800de5dc	0x00d8	norm-body-match; module=sdk
MEDIUM	crashwoc_retail	OSSwitchFPUContext	fn_8015E4CC	0x8015e4cc	0x0084	0x800df1f0	0x0084	norm-body-match; module=sdk
MEDIUM	crashwoc_retail	OSReport	fn_8015E598	0x8015e598	0x0080	0x800df2bc	0x0080	norm-body-match; module=sdk
MEDIUM	gcnemo	__OSMaskInterrupts	fn_801604F8	0x801604f8	0x0088	0x80073430	0x0088	norm-body-match; module=sdk
MEDIUM	gcnemo	__OSUnmaskInterrupts	fn_80160580	0x80160580	0x0088	0x800734b8	0x0088	norm-body-match; module=sdk
MEDIUM	crashwoc_retail	__OSDoHotReset	fn_80161118	0x80161118	0x0048	0x800e02d8	0x0048	norm-body-match; module=sdk
MEDIUM	crashwoc_retail	__OSResetSWInterruptHandler	fn_80161398	0x80161398	0x00f4	0x800e05b8	0x00f4	norm-body-match; module=sdk
MEDIUM	gcnemo	__OSReadROM	fn_80161E24	0x80161e24	0x0124	0x80075db0	0x0124	norm-body-match; module=sdk
MEDIUM	crashwoc_retail	OSDisableScheduler	fn_80162530	0x80162530	0x0040	0x800e1300	0x0040	norm-body-match; module=sdk
MEDIUM	crashwoc_retail	OSEnableScheduler	fn_80162570	0x80162570	0x0040	0x800e1340	0x0040	norm-body-match; module=sdk
MEDIUM	gcnemo	OSExitThread	fn_80162C90	0x80162c90	0x00e4	0x800773ec	0x00e4	norm-body-match; module=sdk
MEDIUM	crashwoc_retail	OSCancelThread	fn_80162D74	0x80162d74	0x01bc	0x800e1814	0x01bc	norm-body-match; module=sdk
MEDIUM	gcnemo	OSJoinThread	fn_80162F30	0x80162f30	0x0140	0x8007768c	0x0140	norm-body-match; module=sdk
MEDIUM	crashwoc_retail	OSSuspendThread	fn_801632F8	0x801632f8	0x0170	0x800e1c58	0x0170	norm-body-match; module=sdk
MEDIUM	crashwoc_retail	OSSleepThread	fn_80163468	0x80163468	0x00ec	0x800e1dc8	0x00ec	norm-body-match; module=sdk
MEDIUM	gcnemo	OSSetThreadPriority	fn_80163658	0x80163658	0x00c0	0x80077e54	0x00c0	norm-body-match; module=sdk
MEDIUM	gcnemo	OSClearStack	fn_80163718	0x80163718	0x00ac	0x800787e0	0x00ac	norm-body-match; module=sdk
MEDIUM	crashwoc_retail	__OSGetSystemTime	fn_801637E4	0x801637e4	0x0064	0x800e1fd8	0x0064	norm-body-match; module=sdk
MEDIUM	gcnemo	__OSTimeToSystemTime	fn_80163848	0x80163848	0x0058	0x80078a10	0x0058	norm-body-match; module=sdk
MEDIUM	crashwoc_retail	__OSUnlockAllMutex	fn_80163914	0x80163914	0x0070	0x800e23dc	0x0070	norm-body-match; module=sdk
MEDIUM	gcnemo	__OSEnableBarnacle	fn_801654EC	0x801654ec	0x01bc	0x8007bbf0	0x01bc	norm-body-match; module=sdk
MEDIUM	crashwoc_retail	WriteUARTN	fn_80165718	0x80165718	0x0200	0x800ff988	0x0200	norm-body-match; module=sdk
MEDIUM	crashwoc_retail	entryToPath	fn_80167B98	0x80167b98	0x0160	0x800e2e6c	0x0160	norm-body-match; module=sdk
MEDIUM	gcnemo	DVDConvertEntrynumToPath	fn_80167CF8	0x80167cf8	0x0154	0x8007e638	0x0154	norm-body-match; module=sdk
MEDIUM	crashwoc_retail	DVDGetCurrentDir	fn_80167E4C	0x80167e4c	0x00c4	0x800e2fcc	0x00c4	norm-body-match; module=sdk
MEDIUM	crashwoc_retail	DVDReadAbsAsyncPrio	fn_80169D08	0x80169d08	0x00dc	0x800e4e78	0x00dc	norm-body-match; module=sdk
MEDIUM	crashwoc_retail	DVDReadAbsAsyncForBS	fn_80169DE4	0x80169de4	0x00d0	0x800e4f54	0x00d0	norm-body-match; module=sdk
MEDIUM	crashwoc_retail	DVDReadDiskID	fn_80169EB4	0x80169eb4	0x00d4	0x800e5024	0x00d4	norm-body-match; module=sdk
MEDIUM	crashwoc_retail	DVDCancelStreamAsync	fn_80169F88	0x80169f88	0x00bc	0x800e51bc	0x00bc	norm-body-match; module=sdk
MEDIUM	gcnemo	DVDInquiryAsync	fn_8016A044	0x8016a044	0x00d0	0x80082148	0x00d0	norm-body-match; module=sdk
MEDIUM	crashwoc_retail	DVDReset	fn_8016A114	0x8016a114	0x0044	0x800e54ac	0x0044	norm-body-match; module=sdk
MEDIUM	crashwoc_retail	DVDGetCommandBlockStatus	fn_8016A158	0x8016a158	0x004c	0x800e54f0	0x004c	norm-body-match; module=sdk
MEDIUM	gcnemo	DVDResume	fn_8016A260	0x8016a260	0x0050	0x80082494	0x0050	norm-body-match; module=sdk
MEDIUM	crashwoc_retail	__DVDPrepareResetAsync	fn_8016A6FC	0x8016a6fc	0x011c	0x800e5a24	0x011c	norm-body-match; module=sdk
MEDIUM	crashwoc_retail	__DVDDequeueWaitingQueue	fn_8016A9E8	0x8016a9e8	0x0060	0x800e5cd8	0x0060	norm-body-match; module=sdk
MEDIUM	crashwoc_retail	__DVDStoreErrorCode	fn_8016AB64	0x8016ab64	0x007c	0x800e5e54	0x007c	norm-body-match; module=sdk
MEDIUM	gcnemo	DVDCompareDiskID	fn_8016ABE0	0x8016abe0	0x00f8	0x800833e0	0x00f8	norm-body-match; module=sdk
MEDIUM	crashwoc_retail	DVDLowReset	fn_8016BD58	0x8016bd58	0x00bc	0x800e6e38	0x00bc	norm-body-match; module=sdk
MEDIUM	crashwoc_retail	__DVDLowSetWAType	fn_8016BE44	0x8016be44	0x0044	0x800e6f20	0x0044	norm-body-match; module=sdk
MEDIUM	crashwoc_retail	VIWaitForRetrace	fn_8016C918	0x8016c918	0x0054	0x800e78d0	0x0054	norm-body-match; module=sdk
MEDIUM	crashwoc_retail	AIInitDMA	fn_8016FC28	0x8016fc28	0x0088	0x800ea5b0	0x0088	norm-body-match; module=sdk
MEDIUM	crashwoc_retail	AISetStreamPlayState	fn_8016FCE0	0x8016fce0	0x00d8	0x800ea6b8	0x00d8	norm-body-match; module=sdk
MEDIUM	crashwoc_retail	AISetDSPSampleRate	fn_8016FDC8	0x8016fdc8	0x00e0	0x800ea7a0	0x00e0	norm-body-match; module=sdk
MEDIUM	crashwoc_retail	__AI_set_stream_sample_rate	fn_8016FEBC	0x8016febc	0x00d4	0x800ea894	0x00d4	norm-body-match; module=sdk
MEDIUM	crashwoc_retail	__AISHandler	fn_80170164	0x80170164	0x007c	0x800eab34	0x007c	norm-body-match; module=sdk
MEDIUM	gcnemo	__AIDHandler	fn_801701E0	0x801701e0	0x00ac	0x8013944c	0x00ac	norm-body-match; module=sdk
MEDIUM	crashwoc_retail	__AI_SRC_INIT	fn_801702E4	0x801702e4	0x01e4	0x800eac98	0x01e4	norm-body-match; module=sdk
MEDIUM	crashwoc_retail	ARStartDMA	fn_8017050C	0x8017050c	0x00f0	0x800eaec0	0x00f0	norm-body-match; module=sdk
MEDIUM	crashwoc_retail	__ARHandler	fn_801706D0	0x801706d0	0x0078	0x800eb0d4	0x0078	norm-body-match; module=sdk
MEDIUM	gcnemo	__ARChecksize	fn_80170748	0x80170748	0x17f4	0x80139d2c	0x17f4	norm-body-match; module=sdk
MEDIUM	crashwoc_retail	__ARQServiceQueueLo	fn_80171F3C	0x80171f3c	0x0100	0x800eba60	0x0100	norm-body-match; module=sdk
MEDIUM	crashwoc_retail	__ARQInterruptServiceRoutine	fn_80172040	0x80172040	0x00cc	0x800ebb64	0x00cc	norm-body-match; module=sdk
MEDIUM	crashwoc_retail	DSPAddTask	fn_8017552C	0x8017552c	0x0070	0x800ee218	0x0070	norm-body-match; module=sdk
MEDIUM	gcnemo	DSPCancelTask	fn_8017559C	0x8017559c	0x0040	0x80143508	0x0040	norm-body-match; module=sdk
MEDIUM	crashwoc_retail	DSPAssertTask	fn_801755DC	0x801755dc	0x00c8	0x800ee288	0x00c8	norm-body-match; module=sdk
MEDIUM	crashwoc_retail	__DSPHandler	fn_801756F4	0x801756f4	0x0424	0x800ee3a0	0x0424	norm-body-match; module=sdk
MEDIUM	crashwoc_retail	__DSP_exec_task	fn_80175B18	0x80175b18	0x01a0	0x800ee7c4	0x01a0	norm-body-match; module=sdk
MEDIUM	crashwoc_retail	__DSP_insert_task	fn_80175E44	0x80175e44	0x00a0	0x800eeaf0	0x00a0	norm-body-match; module=sdk
MEDIUM	crashwoc_retail	__DSP_remove_task	fn_80175EE4	0x80175ee4	0x0094	0x800eeb90	0x0094	norm-body-match; module=sdk
MEDIUM	crashwoc_retail	__CARDEnableInterrupt	fn_80176298	0x80176298	0x00c0	0x800eef78	0x00c0	norm-body-match; module=sdk
MEDIUM	crashwoc_retail	__CARDReadStatus	fn_80176358	0x80176358	0x00f0	0x800ef038	0x00f0	norm-body-match; module=sdk
MEDIUM	crashwoc_retail	__CARDClearStatus	fn_80176538	0x80176538	0x00ac	0x800ef128	0x00ac	norm-body-match; module=sdk
MEDIUM	crashwoc_retail	__CARDPutControlBlock	fn_80177180	0x80177180	0x0064	0x800efc24	0x0064	norm-body-match; module=sdk
MEDIUM	crashwoc_retail	CARDFreeBlocks	fn_801771E4	0x801771e4	0x0150	0x800efc88	0x0150	norm-body-match; module=sdk
MEDIUM	crashwoc_retail	VerifyDir	fn_80177E3C	0x80177e3c	0x0240	0x800f095c	0x0240	norm-body-match; module=sdk
MEDIUM	crashwoc_retail	VerifyFAT	fn_8017807C	0x8017807c	0x0284	0x800f0b9c	0x0284	norm-body-match; module=sdk
MEDIUM	crashwoc_retail	CARDCheckExAsync	fn_8017838C	0x8017838c	0x0590	0x800f0eac	0x0590	norm-body-match; module=sdk
MEDIUM	gcnemo	CARDFormatAsync	fn_80179B9C	0x80179b9c	0x0048	0x8008d768	0x0048	norm-body-match; module=sdk
MEDIUM	crashwoc_retail	CARDClose	fn_8017A174	0x8017a174	0x0054	0x800f2af0	0x0054	norm-body-match; module=sdk
MEDIUM	crashwoc_retail	__CARDSeek	fn_8017A520	0x8017a520	0x01b8	0x800f2ee4	0x01b8	norm-body-match; module=sdk
MEDIUM	crashwoc_retail	CARDSetStatusAsync	fn_8017B02C	0x8017b02c	0x0174	0x800f3bf8	0x0174	norm-body-match; module=sdk
MEDIUM	gcnemo	CARDGetSerialNo	fn_8017B1A0	0x8017b1a0	0x00c4	0x8008f238	0x00c4	norm-body-match; module=sdk
MEDIUM	gcnemo	__GXCleanGPFifo	fn_8017E130	0x8017e130	0x0100	0x80091c1c	0x0100	norm-body-match; module=sdk
MEDIUM	gcnemo	__GXCalculateVLim	fn_8017E7F0	0x8017e7f0	0x0124	0x80092894	0x0124	norm-body-match; module=sdk
MEDIUM	crashwoc_retail	__GXSendFlushPrim	fn_8017FF74	0x8017ff74	0x0088	0x800f8aac	0x0088	norm-body-match; module=sdk
MEDIUM	gcnemo	GXLoadLightObjImm	fn_80180DB4	0x80180db4	0x007c	0x80094dd0	0x007c	norm-body-match; module=sdk
MEDIUM	gcnemo	GXInitTexObjCI	fn_801815C0	0x801815c0	0x0048	0x80095680	0x0048	norm-body-match; module=sdk
MEDIUM	crashwoc_retail	GXSetTevDirect	fn_80182578	0x80182578	0x0048	0x800fb4a0	0x0048	norm-body-match; module=sdk
MEDIUM	gcnemo	GXSetTevIndWarp	fn_801825C0	0x801825c0	0x0064	0x80097220	0x0064	norm-body-match; module=sdk
MEDIUM	gcnemo	GXSetTevColorIn	fn_80182708	0x80182708	0x0044	0x80097744	0x0044	norm-body-match; module=sdk
MEDIUM	gcnemo	GXSetTevAlphaIn	fn_8018274C	0x8018274c	0x0044	0x80097788	0x0044	norm-body-match; module=sdk
MEDIUM	gcnemo	GXSetTevColorOp	fn_80182790	0x80182790	0x0068	0x800977cc	0x0068	norm-body-match; module=sdk
MEDIUM	gcnemo	GXSetTevAlphaOp	fn_801827F8	0x801827f8	0x0068	0x80097834	0x0068	norm-body-match; module=sdk
MEDIUM	gcnemo	GXSetBlendMode	fn_80183070	0x80183070	0x0054	0x8009ad40	0x0054	norm-body-match; module=sdk
MEDIUM	crashwoc_retail	__GXSetMatrixIndex	fn_801838A8	0x801838a8	0x0084	0x800fcaf4	0x0084	norm-body-match; module=sdk
MEDIUM	crashwoc_retail	DBWrite	fn_8018A114	0x8018a114	0x0260	0x800fddec	0x0260	norm-body-match; module=sdk
LOW	crashwoc_retail	pftaOn	fn_8001610C	0x8001610c	0x0048	0x800ba9e0	0x0048	norm-body-match; module=gamecode
LOW	crashwoc_retail	pftaOff	fn_80016154	0x80016154	0x0048	0x800baa28	0x0048	norm-body-match; module=gamecode
LOW	gcnemo	decv_decode	fn_80049DC0	0x80049dc0	0x0164	0x801220ac	0x0164	norm-body-match; module=gamecode
LOW	gcnemo	HVQM4PlayerExClose	fn_8004AB38	0x8004ab38	0x0078	0x80122e18	0x0078	norm-body-match; module=gamecode
LOW	gcnemo	HVQM4PlayerExStart	fn_8004ABB0	0x8004abb0	0x0028	0x80122e9c	0x0028	norm-body-match; module=gamecode
LOW	gcnemo	HVQM4PlayerExViRetrace	fn_8004ABE0	0x8004abe0	0x00f0	0x80121d98	0x00f0	norm-body-match; module=gamecode
LOW	gcnemo	HVQM4PlayerExBufaSetFree	fn_8004ADBC	0x8004adbc	0x0024	0x80122fe0	0x0024	norm-body-match; module=gamecode
LOW	gcnemo	HVQM4BufaSetFree	fn_8004B0AC	0x8004b0ac	0x0060	0x80123ae0	0x0060	norm-body-match; module=gamecode
LOW	gcnemo	HVQM4BufaSetSend	fn_8004B10C	0x8004b10c	0x0060	0x80123bd4	0x0060	norm-body-match; module=gamecode
LOW	gcnemo	HVQM4BufaGetFree	fn_8004B16C	0x8004b16c	0x005c	0x80123b40	0x005c	norm-body-match; module=gamecode
LOW	gcnemo	HVQM4BufaGetSend	fn_8004B1C8	0x8004b1c8	0x005c	0x80123c34	0x005c	norm-body-match; module=gamecode
LOW	gcnemo	HVQM4BufaGetSendNums	fn_8004B224	0x8004b224	0x0054	0x80123cc8	0x0054	norm-body-match; module=gamecode
LOW	gcnemo	HVQM4BufaChkSend	fn_8004B278	0x8004b278	0x0038	0x80123c90	0x0038	norm-body-match; module=gamecode
LOW	gcnemo	HVQM4BufvSetFree	fn_8004B410	0x8004b410	0x0064	0x80123e84	0x0064	norm-body-match; module=gamecode
LOW	gcnemo	HVQM4BufvSetDisp	fn_8004B474	0x8004b474	0x0060	0x80123fd0	0x0060	norm-body-match; module=gamecode
LOW	gcnemo	HVQM4BufvGetFree	fn_8004B4D4	0x8004b4d4	0x00b0	0x80123ee8	0x00b0	norm-body-match; module=gamecode
LOW	gcnemo	HVQM4BufvGetDisp	fn_8004B584	0x8004b584	0x005c	0x80124030	0x005c	norm-body-match; module=gamecode
LOW	gcnemo	HVQM4BufvGetDispNums	fn_8004B5E0	0x8004b5e0	0x0054	0x801240c4	0x0054	norm-body-match; module=gamecode
LOW	gcnemo	HVQM4BufvChkDisp	fn_8004B634	0x8004b634	0x0038	0x8012408c	0x0038	norm-body-match; module=gamecode
LOW	gcnemo	callback	fn_8004BD4C	0x8004bd4c	0x0084	0x80123460	0x0084	norm-body-match; module=gamecode
LOW	gcnemo	fstat_update	fn_8004BDD0	0x8004bdd0	0x005c	0x801234e4	0x005c	norm-body-match; module=gamecode
LOW	crashwoc_retail	malloc_x	fn_8009D550	0x8009d550	0x002c	0x800be71c	0x002c	norm-body-match; module=gamecode
LOW	gcnemo	MoveScreen	fn_8009FAD8	0x8009fad8	0x00a0	0x800412b0	0x00a0	norm-body-match; module=gamecode
LOW	gcnemo	ResetSeeds	fn_800B9EF0	0x800b9ef0	0x0048	0x8002d738	0x0048	norm-body-match; module=gamecode
LOW	gcnemo	RotateGameMatrix	fn_800D0374	0x800d0374	0x0148	0x80036f28	0x0148	norm-body-match; module=gamecode
LOW	crashwoc_retail	DrawWeatherResearchLevelExtra	fn_8014FD9C	0x8014fd9c	0x002c	0x80072438	0x002c	norm-body-match; module=gamecode
LOW	gcnemo	PPCDisableSpeculation	fn_8015BFD8	0x8015bfd8	0x0028	0x8006fcdc	0x0028	norm-body-match; module=gamecode
LOW	crashwoc_retail	OSGetConsoleType	fn_8015C130	0x8015c130	0x0028	0x800dce44	0x0028	norm-body-match; module=sdk
LOW	gcnemo	OSAllocFromArenaLo	fn_8015D600	0x8015d600	0x002c	0x8007115c	0x002c	norm-body-match; module=sdk
LOW	gcnemo	KillThreads	fn_801610B0	0x801610b0	0x0068	0x80074838	0x0068	norm-body-match; module=gamecode
LOW	crashwoc_retail	__OSUnlockSram	fn_80161DCC	0x80161dcc	0x0024	0x800e0fb0	0x0024	norm-body-match; module=sdk
LOW	crashwoc_retail	__OSUnlockSramEx	fn_80161DF0	0x80161df0	0x0024	0x800e0fd4	0x0024	norm-body-match; module=sdk
LOW	crashwoc_retail	UnsetRun	fn_801625B0	0x801625b0	0x0068	0x800e1380	0x0068	norm-body-match; module=gamecode
LOW	crashwoc_retail	__OSReschedule	fn_80162A3C	0x80162a3c	0x0030	0x800e17e4	0x0030	norm-body-match; module=sdk
LOW	gcnemo	OSYieldThread	fn_80162A6C	0x80162a6c	0x003c	0x800771c8	0x003c	norm-body-match; module=sdk
LOW	gcnemo	ProbeBarnacle	fn_80165360	0x80165360	0x018c	0x8007ba64	0x018c	norm-body-match; module=gamecode
LOW	crashwoc_retail	InitializeUART	fn_801656A8	0x801656a8	0x0070	0x800ff918	0x0070	norm-body-match; module=gamecode
LOW	crashwoc_proto	GXAbortFrame	fn_80167154	0x80167154	0x0024	0x800f6bb0	0x0024	norm-body-match; module=sdk
LOW	crashwoc_retail	SIRefreshSamplingRate	fn_8016725C	0x8016725c	0x0024	0x801014bc	0x0024	norm-body-match; module=gamecode
LOW	crashwoc_retail	__DVDFSInit	fn_80167780	0x80167780	0x0038	0x800e2a54	0x0038	norm-body-match; module=sdk
LOW	crashwoc_retail	DVDClose	fn_80167B74	0x80167b74	0x0024	0x800e2e48	0x0024	norm-body-match; module=sdk
LOW	gcnemo	stateTimeout	fn_80168364	0x80168364	0x0034	0x8007f434	0x0034	norm-body-match; module=gamecode
LOW	crashwoc_retail	CategorizeError	fn_801683C0	0x801683c0	0x00b4	0x800e3714	0x00b4	norm-body-match; module=gamecode
LOW	crashwoc_retail	AlarmHandlerForTimeout	fn_8016B3E8	0x8016b3e8	0x0070	0x800e64c8	0x0070	norm-body-match; module=gamecode
LOW	crashwoc_retail	DVDLowWaitCoverClose	fn_8016B914	0x8016b914	0x002c	0x800e69f4	0x002c	norm-body-match; module=sdk
LOW	crashwoc_retail	getCurrentFieldEvenOdd	fn_8016DBD8	0x8016dbd8	0x0068	0x800e8738	0x0068	norm-body-match; module=gamecode
LOW	crashwoc_retail	SamplingHandler	fn_8016FAB4	0x8016fab4	0x0060	0x800ea43c	0x0060	norm-body-match; module=gamecode
LOW	gcnemo	__AXServiceCallbackStack	fn_80172394	0x80172394	0x0074	0x8013bf08	0x0074	norm-body-match; module=gamecode
LOW	crashwoc_retail	__AXDSPResumeCallback	fn_80173684	0x80173684	0x0058	0x800ecbc0	0x0058	norm-body-match; module=gamecode
LOW	gcnemo	cbForCancelAllSync	fn_801736DC	0x801736dc	0x002c	0x80082a48	0x002c	norm-body-match; module=gamecode
LOW	crashwoc_retail	__AXSPBInit	fn_80174014	0x80174014	0x002c	0x800ed434	0x002c	norm-body-match; module=gamecode
LOW	crashwoc_retail	__AXDepopVoice	fn_80174044	0x80174044	0x0094	0x800ed460	0x0094	norm-body-match; module=gamecode
LOW	gcnemo	AXSetVoiceSrcType	fn_80174CFC	0x80174cfc	0x00c4	0x8013ea34	0x00c4	norm-body-match; module=gamecode
LOW	crashwoc_retail	AXSetVoiceState	fn_80174DC0	0x80174dc0	0x005c	0x800ee068	0x005c	norm-body-match; module=gamecode
LOW	gcnemo	AXSetVoiceType	fn_80174E1C	0x80174e1c	0x004c	0x8013eb54	0x004c	norm-body-match; module=gamecode
LOW	gcnemo	AXSetVoiceVe	fn_801750BC	0x801750bc	0x0058	0x8013f020	0x0058	norm-body-match; module=gamecode
LOW	gcnemo	AXSetVoiceAddr	fn_80175114	0x80175114	0x0110	0x8013f124	0x0110	norm-body-match; module=gamecode
LOW	gcnemo	AXSetVoiceAdpcm	fn_80175224	0x80175224	0x00a4	0x8013f37c	0x00a4	norm-body-match; module=gamecode
LOW	gcnemo	AXSetVoiceSrc	fn_801752C8	0x801752c8	0x0098	0x8013f420	0x0098	norm-body-match; module=gamecode
LOW	gcnemo	AXSetVoiceAdpcmLoop	fn_80175360	0x80175360	0x006c	0x8013f550	0x006c	norm-body-match; module=gamecode
LOW	crashwoc_retail	__AXGetCurrentProfile	fn_801753CC	0x801753cc	0x0048	0x800ee0c4	0x0048	norm-body-match; module=gamecode
LOW	gcnemo	DummyLen	fn_8017B514	0x8017b514	0x00c4	0x8008fae4	0x00c4	norm-body-match; module=gamecode
LOW	crashwoc_retail	GXPixModeSync	fn_8017FAD8	0x8017fad8	0x0024	0x800f8654	0x0024	norm-body-match; module=sdk
LOW	crashwoc_retail	__GXSetGenMode	fn_80180120	0x80180120	0x0024	0x800f8cd8	0x0024	norm-body-match; module=sdk
LOW	crashwoc_retail	GXClearBoundingBox	fn_80180BB4	0x80180bb4	0x0038	0x800f9ab0	0x0038	norm-body-match; module=sdk
LOW	gcnemo	GXSetColorUpdate	fn_801830C4	0x801830c4	0x002c	0x8009ad94	0x002c	norm-body-match; module=sdk
LOW	gcnemo	GXSetAlphaUpdate	fn_801830F0	0x801830f0	0x002c	0x8009adc0	0x002c	norm-body-match; module=sdk
LOW	gcnemo	GXSetZMode	fn_8018311C	0x8018311c	0x0034	0x8009adec	0x0034	norm-body-match; module=sdk
LOW	gcnemo	GXSetDstAlpha	fn_80183284	0x80183284	0x003c	0x8009af74	0x003c	norm-body-match; module=sdk
LOW	crashwoc_retail	GXSetClipMode	fn_80183880	0x80183880	0x0028	0x800fcacc	0x0028	norm-body-match; module=sdk
LOW	gcnemo	_readTree	fn_801847A8	0x801847a8	0x02cc	0x801245d8	0x02cc	norm-body-match; module=gamecode
LOW	gcnemo	MCBlockDecDCNest	fn_80187D3C	0x80187d3c	0x01b0	0x80127d7c	0x01b0	norm-body-match; module=gamecode
LOW	gcnemo	BpicPlaneDec	fn_8018831C	0x8018831c	0x043c	0x801286d0	0x043c	norm-body-match; module=gamecode
LOW	gcnemo	HVQM4SetBuffer	fn_80188810	0x80188810	0x0464	0x80128bc4	0x0464	norm-body-match; module=gamecode
LOW	gcnemo	HVQM4DecodeIpic	fn_80188C74	0x80188c74	0x0510	0x80129028	0x0510	norm-body-match; module=gamecode
LOW	gcnemo	HVQM4DecodeBpic	fn_801891A8	0x801891a8	0x05a8	0x8012955c	0x05a8	norm-body-match; module=gamecode
LOW	gcnemo	HVQM4DecSoundCreate	fn_80189750	0x80189750	0x0054	0x80129b04	0x0054	norm-body-match; module=gamecode
LOW	gcnemo	HVQM4DecSoundClose	fn_801897A4	0x801897a4	0x0038	0x80129b58	0x0038	norm-body-match; module=gamecode
LOW	gcnemo	HVQM4DecSoundDecode	fn_801897DC	0x801897dc	0x0158	0x80129b90	0x0158	norm-body-match; module=gamecode
LOW	gcnemo	DBRead	fn_8018A374	0x8018a374	0x008c	0x8009c3bc	0x008c	norm-body-match; module=gamecode
LOW	gcnemo	DBQueryData	fn_8018A400	0x8018a400	0x009c	0x8009c448	0x009c	norm-body-match; module=gamecode
LOW	gcnemo	DBInitComm	fn_8018A4F0	0x8018a4f0	0x0078	0x8009c688	0x0078	norm-body-match; module=gamecode
LOW	crashwoc_retail	DBGHandler	fn_8018A568	0x8018a568	0x0040	0x800fdbb8	0x0040	norm-body-match; module=gamecode
LOW	crashwoc_retail	MWCallback	fn_8018A5A8	0x8018a5a8	0x003c	0x800fdb7c	0x003c	norm-body-match; module=gamecode
LOW	crashwoc_retail	DBGReadStatus	fn_8018A5E4	0x8018a5e4	0x00ac	0x800fdad0	0x00ac	norm-body-match; module=gamecode
LOW	crashwoc_retail	DBGWrite	fn_8018A690	0x8018a690	0x00dc	0x800fd9f4	0x00dc	norm-body-match; module=gamecode
LOW	crashwoc_retail	DBGRead	fn_8018A76C	0x8018a76c	0x00dc	0x800fd918	0x00dc	norm-body-match; module=gamecode
LOW	crashwoc_retail	DBGReadMailbox	fn_8018A848	0x8018a848	0x00ac	0x800fd86c	0x00ac	norm-body-match; module=gamecode
LOW	gcnemo	_write	fn_8018ABE8	0x8018abe8	0x0050	0x80068a74	0x0050	norm-body-match; module=gamecode
LOW	crashwoc_retail	vprintf	fn_8018BD4C	0x8018bd4c	0x0034	0x801047a4	0x0034	norm-body-match; module=gamecode
LOW	gcnemo	ScreenReport	fn_8018BE6C	0x8018be6c	0x03dc	0x80132de8	0x03dc	norm-body-match; module=gamecode
LOW	gcnemo	ConfigureVideo	fn_8018C248	0x8018c248	0x00fc	0x801331c4	0x00fc	norm-body-match; module=gamecode
